Date,Open,High,Low,Close,Shares Traded,Turnover (₹ Cr),return,volatility_20,momentum_20,peak,drawdown,ma_20,ma_50
2025-12-15,25930.05,26047.15,25904.75,26027.3,181557703,17444.03,-0.000754406945918884,0.08287437593277819,0.0005324168843423571,26215.55,-0.0071808525855837635,26031.8125,25769.729
2025-12-16,25951.5,25980.75,25834.35,25860.1,264351195,23554.69,-0.006424024005563411,0.08487959566089415,-0.0019278233735559036,26215.55,-0.013558746621756934,26029.315,25789.046000000002
2025-12-17,25902.4,25929.15,25770.35,25818.55,206521258,19787.57,-0.0016067223251263751,0.08238855134545367,-0.008985650212166574,26215.55,-0.015143683805985408,26017.609999999997,25803.864000000005
2025-12-18,25764.7,25902.35,25726.3,25815.55,197553755,20046.07,-0.00011619552608488348,0.07952552580384263,-0.014378353819751388,26215.55,-0.015258119703763562,25998.780000000002,25818.009
2025-12-19,25911.5,25993.35,25880.45,25966.4,382927284,36600.58,0.005843377344275202,0.08127413685538531,-0.0039032305706389048,26215.55,-0.009503901310481622,25993.692499999997,25836.414
2025-12-22,26055.85,26180.7,26047.8,26172.4,252990050,25333.26,0.007933329225460639,0.08468469719908586,0.008201236541535817,26215.55,-0.0016459696630434228,26004.3375,25856.226000000002
2025-12-23,26205.2,26233.55,26119.05,26177.15,216553840,19670.5,0.00018148889670044355,0.08379537647811061,0.011294273086908335,26215.55,-0.0014647794915612078,26018.954999999998,25874.062
2025-12-24,26170.65,26236.4,26123.0,26142.1,188846828,17474.44,-0.0013389540114184806,0.07138970148915966,-0.00241172587224725,26215.55,-0.0028017722306036275,26015.795000000002,25892.356999999996
2025-12-26,26121.25,26144.2,26008.6,26042.3,142243763,12263.06,-0.003817596903079701,0.07255071115295558,-0.006608673096692663,26215.55,-0.006608673096692663,26007.1325,25910.292999999998
2025-12-29,26063.35,26106.8,25920.3,25942.1,234312888,18184.45,-0.0038475864266981352,0.07362507439988965,-0.009954985984402587,26215.55,-0.010430832082485408,25994.09,25922.664000000004
2025-12-30,25940.9,25976.75,25878.0,25938.85,396893959,39492.31,-0.0001252789866664772,0.07360623151489083,-0.00905036149871552,26215.55,-0.010554804305078491,25982.245000000003,25929.735
2025-12-31,25971.05,26187.95,25969.0,26129.6,246314941,20703.99,0.00735383411369428,0.07601471728323049,0.003741520117392927,26215.55,-0.003278588471346211,25987.114999999998,25938.13
2026-01-01,26173.3,26197.55,26113.4,26146.55,425631910,23454.66,0.0006486896087196659,0.07566666950179553,0.006178326791349109,26215.55,-0.0026320256488991944,25995.142499999998,25944.198000000004
2026-01-02,26155.1,26340.0,26118.4,26328.55,357547806,23770.13,0.0069607653782239876,0.07913633875028799,0.011323762423776751,26328.55,0.0,26009.8825,25953.396999999997
2026-01-05,26333.7,26373.2,26210.05,26250.3,338777649,25742.83,-0.0029720588486642496,0.07750101356788126,0.002438283921646356,26328.55,-0.0029720588486642496,26013.075,25960.575
2026-01-06,26189.7,26273.95,26124.75,26178.7,383040203,34567.52,-0.0027275878751861216,0.07123313139809684,0.008403134756389985,26328.55,-0.0056915401721704395,26023.982500000002,25968.245999999996
2026-01-07,26143.1,26187.15,26067.9,26140.75,338216740,30232.63,-0.0014496518161711824,0.06907341384354321,0.011652634613858792,26328.55,-0.007132941236794199,26039.0375,25971.74
2026-01-08,26106.5,26133.2,25858.45,25876.85,328520950,27556.32,-0.010095349215305638,0.07788958910726541,0.004614100473639304,26328.55,-0.01715628091938226,26044.98,25970.553
2026-01-09,25840.4,25940.6,25623.0,25683.3,348757262,27486.64,-0.007479658459201954,0.07991146325980175,-0.00831127611391369,26328.55,-0.02450761625687703,26034.2175,25963.141
2026-01-12,25669.05,25813.15,25473.4,25790.25,275757268,23874.45,0.004164184509000135,0.07849776766796669,-0.009855280560679858,26328.55,-0.020445485983846434,26021.3825,25961.389
2026-01-13,25897.35,25899.8,25603.3,25732.3,339536336,31434.03,-0.002246973177848277,0.07874449972226734,-0.01133425288062917,26328.55,-0.022646518703080876,26006.6325,25961.593000000004
2026-01-14,25648.55,25791.75,25603.95,25665.6,393126596,28944.88,-0.0025920729977498835,0.07608847355584629,-0.007521239283684089,26328.55,-0.025179890271207483,25996.9075,25959.638
2026-01-16,25696.05,25873.5,25662.4,25694.35,434041776,37156.05,0.0011201764229162858,0.07611463867820882,-0.004810494779916019,26328.55,-0.024087919767704635,25990.697500000002,25961.572
2026-01-19,25653.1,25653.3,25494.35,25585.5,443087953,33632.38,-0.004236339895735797,0.07742658238996548,-0.008911295711305778,26328.55,-0.028222215047923216,25979.195,25963.088000000003
2026-01-20,25580.3,25585.0,25171.35,25232.5,409772324,31020.36,-0.013796877137441155,0.08708419490448784,-0.028263448148376447,26328.55,-0.04162971375180169,25942.5,25957.892000000003
2026-01-21,25141.0,25300.95,24919.8,25157.5,395624981,30984.61,-0.0029723570791637677,0.07985580829451117,-0.038777490791826574,26328.55,-0.04447833245659172,25891.754999999997,25949.555
2026-01-22,25344.15,25435.75,25168.5,25289.9,486395433,34583.24,0.005262844082281726,0.08361459900225714,-0.03389406409788687,26328.55,-0.039449570903069,25847.3925,25941.453999999998
2026-01-23,25344.6,25347.95,25025.3,25048.65,393944908,31844.65,-0.0095393813340503,0.08808026490198377,-0.041827167672069065,26328.55,-0.0486126277368103,25792.719999999998,25924.911
2026-01-27,25063.35,25246.65,24932.55,25175.4,618696080,50989.25,0.005060152942374163,0.09138535503104546,-0.03328815043218136,26328.55,-0.04379846212571514,25749.375,25910.836
2026-01-28,25258.85,25372.1,25187.65,25342.75,574903942,42364.52,0.006647362107454091,0.09557411765108617,-0.02310337251032102,26328.55,-0.03744224425576037,25719.4075,25899.49
2026-01-29,25345.0,25458.15,25159.8,25418.9,582389331,44306.95,0.003004804135305017,0.09665922759905916,-0.020045221742675423,26328.55,-0.03454994673083012,25693.409999999996,25887.599
2026-01-30,25247.55,25370.7,25213.65,25320.65,508388604,40772.08,-0.00386523413680373,0.0918941506557537,-0.030959142122343852,26328.55,-0.03828163723410505,25652.9625,25875.811
2026-02-01,25333.75,25440.9,24571.75,24825.45,379370206,25572.6,-0.01955715986753892,0.11138916587992931,-0.05052674253390976,26328.55,-0.05709011700226552,25586.9075,25851.267000000003
2026-02-02,24796.5,25108.1,24679.4,25088.4,449215604,34038.26,0.0105919530159575,0.11615194823293763,-0.04710285982327156,26328.55,-0.04710285982327156,25524.9,25829.191999999995
2026-02-03,26308.05,26341.2,25641.3,25727.55,637263148,52338.39,0.02547591715693298,0.15246148801001858,-0.019914058125049983,26328.55,-0.02282693122105095,25498.7625,25822.38
2026-02-04,25675.05,25818.55,25563.95,25776.0,429788986,36899.12,0.001883195251782599,0.1526315017935032,-0.015382734818764954,26328.55,-0.020986723537756546,25478.627500000002,25818.71
2026-02-05,25755.9,25757.65,25579.5,25642.8,343812628,28582.32,-0.00516759776536313,0.1534321357279981,-0.019048803113912216,26328.55,-0.02604587035746364,25453.730000000003,25813.87
2026-02-06,25605.8,25703.95,25491.9,25693.7,375476124,29777.45,0.0019849626405852305,0.1497965138788738,-0.007077754827190974,26328.55,-0.02411260779647939,25444.572500000002,25803.638
2026-02-09,25888.7,25922.25,25780.9,25867.3,359386006,28449.55,0.0067565200807979675,0.14928568899835065,0.007164188402580596,26328.55,-0.0175190050344588,25453.7725,25796.673
2026-02-10,25922.65,25989.45,25870.45,25935.15,460878237,32795.1,0.002623002787302875,0.1488697862418717,0.005618402303195991,26328.55,-0.014941954646191968,25461.0175,25791.316999999995
2026-02-11,25997.45,26009.4,25899.8,25953.85,331389240,31456.05,0.0007210291824029103,0.14856299559161476,0.008609801688927998,26328.55,-0.01423169904913113,25472.095,25786.879
2026-02-12,25906.7,25906.7,25752.4,25807.2,419388014,38977.68,-0.005650414100412782,0.14979069510264878,0.005517112399476387,26328.55,-0.01980169815656385,25479.175,25782.379
2026-02-13,25571.15,25630.35,25444.3,25471.1,453523192,40137.15,-0.013023497318577881,0.15702416432860544,-0.008688680585420494,26328.55,-0.032567308112296356,25468.0125,25772.081000000002
2026-02-16,25423.6,25697.0,25372.7,25682.75,325487729,22205.92,0.008309417339651626,0.15924727998563665,0.003800981024408401,26328.55,-0.02452850612737878,25472.875,25765.061
2026-02-17,25637.95,25764.4,25570.3,25725.4,378436265,27818.81,0.0016606477110123752,0.15038541707047764,0.01953433072426436,26328.55,-0.022908591623921448,25497.52,25755.84
2026-02-18,25752.65,25828.05,25645.15,25819.35,400807585,22228.22,0.0036520326214557475,0.14989615434964879,0.026308257974758886,26328.55,-0.019340221926387957,25530.6125,25753.016
2026-02-19,25873.35,25885.3,25388.75,25454.35,333658812,24756.87,-0.014136684308474035,0.15872259122444068,0.0065025958979669785,26328.55,-0.03320349962303282,25538.835,25745.31
2026-02-20,25406.55,25663.55,25379.75,25571.25,309373691,24024.7,0.004592535264110076,0.1548997482853492,0.020863399823942474,26328.55,-0.028763452601833328,25564.965000000004,25741.575
2026-02-23,25678.4,25771.45,25609.35,25713.0,399135843,25494.64,0.00554333479982394,0.15507388941668934,0.021354179079577706,26328.55,-0.02337956324978019,25591.845,25737.863999999998
2026-02-24,25641.8,25641.8,25327.6,25424.65,439068188,36735.38,-0.011214171819702079,0.15950076268077365,0.0032316934823568566,26328.55,-0.03433155263012955,25595.94,25725.418
2026-02-25,25512.6,25652.6,25428.2,25482.5,414215742,31084.17,0.002275350889786143,0.15935213909298476,0.002502075227488243,26328.55,-0.03213431806916822,25599.120000000003,25714.522
2026-02-26,25556.3,25572.95,25400.95,25496.55,405219244,33155.5,0.000551358775630284,0.15863735022871336,0.006946899072496127,26328.55,-0.03160067683180423,25607.915,25707.251
2026-02-27,25459.85,25476.4,25141.3,25178.65,438924282,38634.68,-0.012468353561560175,0.14848379381141774,0.014227335254748619,26328.55,-0.04367502198184092,25625.575,25694.452999999998
2026-03-02,24659.25,24989.35,24603.5,24865.7,519228821,41306.37,-0.012429181072059148,0.1507107901165691,-0.008876612298911124,26328.55,-0.05556135829736153,25614.44,25675.456000000002
2026-03-04,24388.8,24602.45,24305.4,24480.5,598993881,47700.19,-0.015491218827541564,0.12544944467097613,-0.04847138573241527,26328.55,-0.0701918639651633,25552.0875,25645.737999999998
2026-03-05,24615.95,24854.2,24529.4,24765.9,504339053,40011.88,0.01165825861399905,0.13440780553941173,-0.03918761638733703,26328.55,-0.05935192025386882,25501.582499999997,25617.608000000004
2026-03-06,24656.4,24700.8,24415.75,24450.45,433408256,35453.32,-0.012737271813259343,0.1393950514856936,-0.04649843230848416,26328.55,-0.07133321052621577,25441.965,25583.074
2026-03-09,23868.05,24078.15,23697.8,24028.05,526901605,40569.31,-0.017275755660938863,0.14796961128732394,-0.06482717553330197,26328.55,-0.08737663107159344,25358.6825,25540.793
2026-03-10,24280.8,24303.8,24079.95,24261.6,444283436,36657.53,0.009719889878704313,0.15098508438201141,-0.062074511062229165,26328.55,-0.07850603242487719,25278.3975,25505.179
2026-03-11,24231.85,24299.0,23834.3,23866.85,407400643,32549.4,-0.016270567481122433,0.15619854492701382,-0.07974891219059854,26328.55,-0.0934992622077555,25174.9825,25463.674
2026-03-12,23674.85,23833.15,23556.3,23639.15,501004098,40147.62,-0.009540429507873815,0.15624428324252332,-0.08918522685458985,26328.55,-0.10214766859549795,25059.2475,25417.68
2026-03-13,23462.5,23492.4,23112.0,23151.1,519776752,40786.7,-0.020645835404403456,0.1663066698021487,-0.1029208902941815,26328.55,-0.12068458004713523,24926.442499999997,25358.11
2026-03-16,23116.1,23502.0,22955.25,23408.8,540293230,44710.21,0.011131220546755971,0.17349741891164314,-0.08096627157837699,26328.55,-0.11089672617747659,24823.3275,25303.355
2026-03-17,23493.2,23656.8,23346.6,23581.15,458788167,34495.73,0.007362615768429004,0.17262556084110436,-0.08182924336373631,26328.55,-0.1043506003938689,24718.2475,25248.407000000003
2026-03-18,23632.9,23862.25,23618.45,23777.8,382876401,28805.6,0.008339287948212704,0.17720163518956852,-0.07570727763222351,26328.55,-0.09688152214990953,24620.8675,25198.957000000002
2026-03-19,23197.75,23378.7,22930.35,23002.15,550147401,42000.27,-0.03262076390582802,0.20184561201671383,-0.10911196447625515,26328.55,-0.12634193679484806,24480.0075,25135.426
2026-03-20,23110.15,23345.15,23067.6,23114.5,663289390,50308.33,0.004884326030392794,0.2025706216186807,-0.09192338441170167,26328.55,-0.12207470597507264,24363.015000000003,25074.901
2026-03-23,22824.35,22851.7,22471.25,22512.65,550275334,41002.59,-0.026037768500291936,0.21279165955086077,-0.11961089113750789,26328.55,-0.14493392154144447,24210.085,25007.617000000002
2026-03-24,22878.45,23057.3,22624.2,22912.4,538098322,43385.04,0.017756683464629885,0.22579820960551708,-0.10891766810562742,26328.55,-0.12975078384491356,24070.055,24952.199
2026-03-25,23064.4,23465.35,23063.2,23306.45,505418973,40733.98,0.017198111066496713,0.2386727564780238,-0.08331284796447547,26328.55,-0.11478414116994662,23964.145,24902.522999999997
2026-03-27,23173.55,23186.1,22804.55,22819.6,612556883,47239.2,-0.020889067189554966,0.2443914288271303,-0.10449916609437859,26328.55,-0.13327547472230716,23831.0,24844.269
2026-03-30,22549.65,22714.1,22283.85,22331.4,698599891,53093.7,-0.02139388946344356,0.24967278816016625,-0.12414032486748194,26328.55,-0.15181808341135372,23672.7425,24777.585
2026-04-01,22899.0,22941.3,22618.6,22679.4,517954448,41192.2,0.015583438566323604,0.26038635052250836,-0.09926068315815184,26328.55,-0.13860049262112795,23547.78,24717.286
2026-04-02,22383.4,22782.3,22182.55,22713.1,495121035,38669.56,0.0014859299628737777,0.25986514906799096,-0.0865690489308566,26328.55,-0.137320513283109,23440.15,24659.838
2026-04-06,22780.3,22998.35,22542.95,22968.25,426416812,35893.16,0.01123360527625028,0.26202792436726263,-0.06177365658381162,26328.55,-0.12762951244941323,23364.5375,24614.553
2026-04-07,22838.7,23153.85,22719.3,23123.65,476981883,38940.47,0.006765861569775655,0.25894216959285066,-0.06631093560096746,26328.55,-0.12172717449308823,23282.425,24573.876
2026-04-08,23855.15,24025.15,23828.5,23997.35,639257993,56557.11,0.037783827380192925,0.29421161796346706,-0.01853135627360647,26328.55,-0.08854266566142077,23259.77,24548.025
2026-04-09,23909.05,23990.75,23682.8,23775.1,466587329,40443.59,-0.00926143928392098,0.28958783262298754,-0.010527279575329729,26328.55,-0.096984072423282,23247.1225,24522.554
2026-04-10,23880.55,24074.05,23856.35,24050.6,481302436,40109.22,0.011587753574117565,0.29052545403831803,-0.008696870775216858,26328.55,-0.0865201463810199,23236.572500000002,24500.057999999997
2026-04-13,23589.6,23907.4,23555.6,23842.65,488844789,41931.51,-0.00864635393711577,0.28618692526176925,-0.0010139586916579901,26328.55,-0.09441841650983429,23235.3625,24470.056
2026-04-15,24163.8,24280.9,24145.8,24231.3,460334041,38376.84,0.01630062094607765,0.2893196903085728,0.02504954704378104,26328.55,-0.0796568743816124,23264.969999999998,24446.304000000004
2026-04-16,24385.2,24400.95,24102.8,24196.75,508017772,44634.35,-0.0014258417831481962,0.27770984843497215,0.04516632039082391,26328.55,-0.08096913806495232,23317.2525,24423.826
2026-04-17,24165.9,24371.9,24096.05,24353.55,498625189,35373.29,0.006480209118993274,0.2762477116019547,0.040358753972864925,26328.55,-0.07501362589280458,23364.49,24414.388
2026-04-20,24391.5,24480.65,24241.25,24364.85,415942883,35042.31,0.00046399806188412995,0.27559729533396127,0.03323417220958258,26328.55,-0.07458443400794956,23403.675,24399.917
2026-04-21,24374.55,24601.7,24354.9,24576.6,425826834,37315.7,0.008690798424779933,0.2757110661874429,0.03359436112676528,26328.55,-0.06654183386475898,23443.614999999998,24376.898
2026-04-22,24470.85,24515.95,24352.9,24378.1,440524292,38980.03,-0.008076788489864373,0.2473839998625045,0.05981832133083209,26328.55,-0.07408117803676995,23512.4125,24348.94
2026-04-23,24202.35,24310.2,24134.8,24173.05,467549860,39616.97,-0.008411237955377904,0.2505396925476539,0.04579592896233953,26328.55,-0.08186930157566596,23565.34,24319.545
2026-04-24,24100.55,24206.0,23813.65,23897.95,438433486,36898.39,-0.011380442269386726,0.23331549543259042,0.061534292941968216,26328.55,-0.09231803498483582,23634.605000000003,24283.63
2026-04-27,23945.45,24130.7,23936.2,24092.7,430297937,36685.28,0.00814923455777583,0.2277321121430671,0.05151359089401364,26328.55,-0.08492112174806432,23693.620000000003,24248.138
2026-04-28,24049.9,24181.8,23957.05,23995.7,554134344,43390.29,-0.004026115794410701,0.22209406503765014,0.029573358447983367,26328.55,-0.08860533527292613,23728.082499999997,24209.349000000002
2026-04-29,24096.9,24334.7,24059.95,24177.65,531122966,38035.47,0.0075826085506986995,0.2063787377277782,0.0595124366772426,26328.55,-0.0816945862951054,23795.985,24173.825
2026-04-30,23996.95,24087.45,23796.85,23997.55,505520648,44420.83,-0.007449028338155417,0.18981158671788295,0.07461019013586245,26328.55,-0.08853506934487465,23879.2925,24137.632
2026-05-04,24063.55,24290.2,24004.75,24119.3,419069793,35790.21,0.005073434579780045,0.1846599475866147,0.06348933393299627,26328.55,-0.08391081164743219,23951.2875,24110.596
2026-05-05,24052.6,24081.7,23882.05,24032.8,363297728,33650.36,-0.003586339570385566,0.18613659612421282,0.05810303305141096,26328.55,-0.08719621855362336,24017.2725,24077.596999999998
2026-05-06,24171.0,24356.5,23997.9,24330.95,429190144,38826.87,0.012405961852135494,0.1868784279988221,0.05932972690561966,26328.55,-0.07587200966251462,24085.407499999998,24049.708000000002
2026-05-07,24398.5,24482.1,24284.0,24326.65,440621691,39529.1,-0.00017672963858783586,0.18662346579988895,0.05202465873683426,26328.55,-0.07603533046825584,24145.557500000003,24019.854
2026-05-08,24233.65,24253.8,24126.65,24176.15,335887188,31217.1,-0.006186630711585872,0.1347450141774113,0.007450822695006076,26328.55,-0.08175155866920125,24154.4975,23994.29
2026-05-11,23970.1,23997.45,23799.1,23815.85,390108343,37404.28,-0.014903117328441629,0.1414352386734856,0.0017139780694928053,26328.55,-0.09543632292701276,24156.535,23959.182
2026-05-12,23722.6,23757.55,23348.4,23379.55,447518189,36200.59,-0.018319732447088732,0.148925943649908,-0.02790159081270316,26328.55,-0.11200768747234469,24122.9825,23912.513000000003
2026-05-13,23362.45,23582.95,23262.55,23412.6,415359044,33693.48,0.0014136285771111368,0.14667285058006885,-0.0180370051147839,26328.55,-0.11075239616310051,24101.48,23872.271999999997
2026-05-14,23530.25,23777.2,23426.55,23689.6,428735424,38828.33,0.011831236171975679,0.14046009844595023,-0.02235538332652398,26328.55,-0.10023149774674267,24074.395,23836.414
2026-05-15,23731.4,23839.3,23610.3,23643.5,408864566,35052.32,-0.001946001620964366,0.14048860166521504,-0.022864640912519274,26328.55,-0.10198244871062023,24046.732500000002,23799.353
2026-05-18,23482.2,23695.65,23317.1,23649.95,391968426,30029.02,0.00027280225008996517,0.1377364867772818,-0.028891065162984342,26328.55,-0.10173746750200818,24011.552499999998,23768.779
2026-05-19,23675.3,23782.3,23587.2,23618.0,441953184,39325.73,-0.0013509542303472566,0.13755621415563593,-0.030652764125369103,26328.55,-0.10295097907024886,23974.21,23743.825
2026-05-20,23457.25,23690.9,23397.3,23659.0,344050591,26163.78,0.0017359640951817301,0.13284382027580002,-0.03733632805188669,26328.55,-0.10139373417829689,23928.33,23727.395
2026-05-21,23830.05,23859.9,23596.6,23654.7,348183907,29930.79,-0.00018174901728729154,0.13089099521331812,-0.02967417477161871,26328.55,-0.10155705498403822,23892.159999999996,23705.170999999995
2026-05-22,23671.2,23835.65,23671.0,23719.3,336108649,24993.16,0.0027309583296342144,0.1290191784027734,-0.0187709039612296,26328.55,-0.09910344473964572,23869.4725,23690.548
2026-05-25,23940.25,24054.45,23922.85,24031.7,351224048,27301.94,0.013170709085006838,0.13200543485232513,0.005596714362529065,26328.55,-0.08723799829462686,23876.159999999996,23690.620999999996
2026-05-26,24004.1,24089.8,23885.45,23913.7,387932940,29835.11,-0.004910181135749814,0.1298436973349728,-0.007429636362881742,26328.55,-0.09171982505682985,23867.21,23683.663000000004
2026-05-27,23880.35,23983.2,23858.25,23907.15,531572650,34903.35,-0.0002739015710658821,0.12911231719453561,-0.00369024450213995,26328.55,-0.0919686044237149,23862.7825,23684.468999999997
2026-05-29,23902.15,24002.8,23484.75,23547.75,1198023438,101439.0,-0.015033159535954743,0.13591779063989345,-0.026052986952826318,26328.55,-0.10561918525706881,23831.2875,23682.641
2026-06-01,23654.5,23733.7,23357.95,23382.6,421691204,33843.74,-0.007013408924419595,0.13566428875660366,-0.025625532606453616,26328.55,-0.11189184364501659,23800.54,23687.271
2026-06-02,23229.15,23556.95,23229.15,23483.55,511852817,43063.5,0.004317312873675316,0.13522176264676722,-0.026358559328007014,26328.55,-0.10805760286836918,23768.752500000002,23688.765999999996
2026-06-03,23415.95,23459.65,23151.5,23405.6,450089851,36726.56,-0.0033193448179683616,0.13516520165181223,-0.026097666522419405,26328.55,-0.11101826724221431,23737.392499999998,23685.255
2026-06-04,23282.45,23465.3,23247.3,23416.55,412505524,32848.46,0.0004678367570154496,0.12541616909463785,-0.03758176314529438,26328.55,-0.11060236891131492,23691.6725,23678.03
2026-06-05,23478.95,23516.35,23282.65,23366.7,366208223,28432.83,-0.0021288362290772245,0.12525509439618795,-0.03946083821652391,26328.55,-0.11249575081043195,23643.675,23685.321
2026-06-08,23080.7,23267.3,23070.15,23123.0,375730763,26550.42,-0.010429371712736502,0.12801926473052913,-0.04356152654579004,26328.55,-0.1217518625218631,23591.017499999998,23685.491
2026-06-09,23259.05,23279.4,23104.45,23242.1,402552937,32911.17,0.005150715737577194,0.12122353930438626,-0.024091098994997062,26328.55,-0.11722825601865661,23562.329999999998,23700.08
2026-06-10,23233.95,23425.35,23184.6,23214.95,380030627,31906.68,-0.0011681388514805935,0.10299825549467496,-0.007040340810665624,26328.55,-0.11825945598979049,23554.1,23706.131
2026-06-11,23104.4,23327.45,23072.05,23161.6,362996956,28529.75,-0.0022980880854794883,0.10300601854468626,-0.010720723029479906,26328.55,-0.12028577342846458,23541.55,23703.234
2026-06-12,23412.55,23645.35,23313.9,23622.9,351944432,29593.12,0.019916586073501108,0.11867056199184782,-0.0028155815210049173,26328.55,-0.10276486931486917,23538.215,23719.3
2026-06-15,23984.85,24011.4,23817.8,23853.9,398913735,34783.09,0.009778646990843631,0.1234713600017822,0.008898851692854315,26328.55,-0.09399112370411578,23548.735,23749.75
2026-06-16,23923.9,24002.6,23888.2,23989.15,327307262,27953.23,0.005669932380029996,0.12483478710696226,0.014342525037050802,26328.55,-0.08885411463981108,23565.695,23775.945
2026-06-17,24044.5,24108.2,23969.7,24085.7,352665809,26947.5,0.004024736182815847,0.12509776309168275,0.019802692861377036,26328.55,-0.08518699282717801,23589.079999999998,23803.397
2026-06-18,24073.8,24189.25,24036.95,24168.0,339988612,28654.85,0.003416965253241422,0.12536909575420177,0.021514011581216463,26328.55,-0.08206110856845517,23614.53,23827.392000000003
2026-06-19,23991.2,24047.2,23901.9,24013.1,447858148,40191.19,-0.006409301555776348,0.1281283830863766,0.015151322992893457,26328.55,-0.08794445573341492,23632.45,23845.180999999997
2026-06-22,24106.6,24168.05,24073.15,24102.9,252821156,21763.92,0.0037396254544395102,0.12838154471950267,0.01617248401091098,26328.55,-0.0845337096042128,23651.629999999997,23847.292
2026-06-23,24071.3,24135.5,23784.95,23824.1,340090069,28997.57,-0.011567072841857318,0.12687302400969205,-0.008638589862556612,26328.55,-0.09512297486948584,23641.25,23848.271999999997
2026-06-24,23795.8,24090.05,23789.25,24021.65,395578738,31302.8,0.008292023623138078,0.12928506634789255,0.004514148793369532,26328.55,-0.08761971320106876,23646.6475,23847.693000000003
2026-06-25,24125.85,24261.6,24039.0,24056.0,448752143,40015.4,0.0014299600568652426,0.12933378081168379,0.006226170831738598,26328.55,-0.08631504583427496,23654.09,23851.96
2026-06-29,24061.75,24120.0,23924.55,23946.25,588498045,47361.14,-0.004562271366810755,0.11763589685741688,0.016923060589652872,26328.55,-0.09048352453895103,23674.015,23846.259
2026-06-30,24032.05,24035.55,23829.2,23865.75,449044753,39507.02,-0.0033616954637991636,0.11507836562717787,0.020662800543994386,26328.55,-0.09354104194875901,23698.1725,23839.639
2026-07-01,23897.65,24049.9,23895.1,24005.85,352148975,27760.09,0.005870337198705222,0.11579335984655915,0.022241100685373327,26328.55,-0.08821982220821123,23724.2875,23832.685
2026-07-02,24062.2,24194.55,24058.8,24175.7,372941283,30789.57,0.007075358714646818,0.1163782388220688,0.03290238233585141,26328.55,-0.08176865038143,23762.7925,23828.902000000002
2026-07-03,24375.65,24378.15,24252.35,24270.85,326634751,25955.73,0.003935770215546919,0.11656373187844096,0.036482744042141135,26328.55,-0.07815470278461978,23805.5075,23822.786999999997
2026-07-06,24306.85,24458.65,24287.1,24430.35,329356507,24862.07,0.006571669307008143,0.1167468437229847,0.04551990653365667,26328.55,-0.07209664033909957,23858.69,23823.832000000002
2026-07-07,24464.45,24530.9,24348.95,24398.7,412624457,36436.58,-0.0012955197121612416,0.1077405725319106,0.05517017688016268,26328.55,-0.0732987574325209,23922.475,23828.345
2026-07-08,24259.55,24300.0,23805.2,23882.05,420531527,32939.28,-0.02117530852053595,0.13651559582440959,0.027534086851016104,26328.55,-0.09292194215025129,23954.4725,23828.027000000002
2026-07-09,23928.95,24134.7,23925.7,23962.8,384795241,33799.64,0.0033812005250806187,0.13633805944385152,0.032214155102638475,26328.55,-0.08985492934476069,23991.864999999998,23825.429000000004
2026-07-10,24124.7,24228.45,24120.35,24206.9,313072212,24577.43,0.010186622598360895,0.1387583553517992,0.04513073362807418,26328.55,-0.0805836250002373,24044.13,23829.653
2026-07-13,24039.4,24259.8,24000.2,24211.0,322678968,27998.31,0.00016937319524590322,0.1221106693579418,0.02489533461175375,26328.55,-0.0804279005110422,24073.535,23830.32
2026-07-14,24068.0,24157.1,24023.7,24052.05,355829008,31700.08,-0.00656519763743757,0.12075978135417037,0.008306817753071627,26328.55,-0.08646507308606055,24083.442499999997,23831.41
2026-07-15,24085.85,24220.35,24010.55,24078.5,306924577,26842.0,0.0010996983625095602,0.11921507459288058,0.003724600496474384,26328.55,-0.08546046022283793,24087.91,23830.593999999997
2026-07-16,24142.1,24186.5,24050.0,24072.75,264271962,24244.17,-0.00023880225097083763,0.11836454149396732,-0.0005376634268466907,26328.55,-0.0856788543235385,24087.2625,23831.393000000004
2026-07-17,24127.6,24367.3,24099.05,24334.3,387772135,28825.71,0.010864982189404904,0.12403335562971854,0.0068809996689838115,26328.55,-0.07574477136036739,24095.5775,23831.46
2026-07-20,24190.05,24266.1,24135.85,24238.5,353095939,31370.66,-0.003936829906757144,0.12254198596321443,0.009386543178515172,26328.55,-0.07938340698595248,24106.847499999996,23829.697
2026-07-21,24216.05,24262.2,24135.65,24187.7,315560285,28361.57,-0.0020958392639808254,0.12224345757217366,0.0035182488414255975,26328.55,-0.08131287138866361,24111.0875,23829.928000000004
2026-07-22,24150.45,24166.3,23961.4,23996.25,304745142,25211.83,-0.007915180029519187,0.11819995494127757,0.007225876318517788,26328.55,-0.08858444540242438,24119.695,23833.536
2026-07-23,23904.8,23990.75,23807.2,23869.6,344042832,28259.45,-0.005277908006459442,0.11595586855036158,-0.006329706743708363,26328.55,-0.09339481285524653,24112.0925,23843.336999999996
2026-07-24,23666.35,23823.6,23606.3,23767.45,333870912,28825.72,-0.004279501960652743,0.11660063604443233,-0.011994928500166258,26328.55,-0.09727463153117044,24097.665,23850.434000000005
2026-07-27,23928.4,24011.6,23891.55,23995.95,319367545,25340.46,0.009613988879749513,0.1209521276746927,0.002075481547215041,26328.55,-0.08859583987724351,24100.15,23856.561
2026-07-28,23971.25,24041.15,23954.6,23985.35,437827320,35846.87,-0.000441741210496005,0.12027588945717214,0.005011365659993938,26328.55,-0.08899844465418727,24106.129999999997,23863.397999999997
2026-07-29,24176.65,24283.55,24136.75,24250.2,424150311,34189.33,0.011042156983325224,0.12478224155782594,0.010178768925074522,26328.55,-0.07893902246800522,24118.3475,23875.403000000002
2026-07-30,24249.55,24342.95,24187.1,24317.15,400636260,33566.22,0.0027608019727671795,0.12270587226748145,0.005850916416070717,26328.55,-0.07639615550419598,24125.420000000002,23889.386000000002
2026-07-31,24361.45,24429.4,24299.7,24383.6,411693361,34459.53,0.002732639310116358,0.12230936595146798,0.0046454903721955265,26328.55,-0.07387227933175211,24131.0575,23903.878000000004
2026-08-03,24572.7,24774.3,24515.15,24774.3,342283085,27052.25,0.016023064682819665,0.13291919154911794,0.014078799525999441,26328.55,-0.05903287495893239,24148.254999999997,23926.27
2026-08-04,24703.9,24703.9,24427.95,24614.9,296554546,26153.94,-0.006434086936865979,0.13519121676419668,0.008861127846975458,26328.55,-0.06508713924617948,24159.065,23944.182
2026-08-05,24669.2,24677.6,24497.95,24624.65,355518193,31164.27,0.00039610154824920585,0.1084012968512196,0.031094483095044367,26328.55,-0.06471681881455671,24196.195,23956.041
2026-08-06,24641.0,24677.05,24604.15,24636.0,344001180,30115.41,0.0004609202567344983,0.10824404429720269,0.028093544994741926,26328.55,-0.06428572785056519,24229.855000000003,23970.486999999997
2026-08-07,24538.9,24630.4,24522.75,24570.65,254819435,26131.19,-0.002652622178925146,0.10394287101687459,0.015026707261152739,26328.55,-0.06676782428200556,24248.0425,23983.757
2026-08-10,24581.25,24620.95,24511.1,24583.8,269507262,24738.66,0.0005351913767033256,0.10392311644721904,0.015397959605138123,26328.55,-0.06626836646909917,24266.682500000003,24004.478
2026-08-11,24575.1,24576.85,24429.25,24471.7,271943567,24402.81,-0.004559913438931251,0.10227279654689311,0.0174475772335414,26328.55,-0.07052610189319197,24287.665,24026.26
2026-08-12,24472.45,24473.3,24265.95,24435.95,317552958,27570.47,-0.0014608711286915321,0.10260479712436081,0.014845193845131499,26328.55,-0.07188394347580851,24305.5375,24045.308000000005
2026-08-13,24431.6,24431.6,24311.4,24395.85,295823169,24255.39,-0.0016410248015731321,0.10290554946984823,0.013421815122908631,26328.55,-0.07340700494330299,24321.692499999997,24065.112999999998
2026-08-14,24361.9,24405.2,24296.8,24366.0,267706410,22136.2,-0.0012235687627197844,0.09574454540942579,0.0013026879754092224,26328.55,-0.07454075518780945,24323.277500000004,24084.102
2026-08-17,24343.45,24360.1,24226.95,24287.65,225427674,18400.29,-0.0032155462529753764,0.0953764925735643,0.002027765744579968,26328.55,-0.0775166121947467,24325.735,24102.521
2026-08-18,24223.85,24269.65,24154.9,24154.9,227027460,19183.5,-0.005465740818893505,0.09714778917694047,-0.0013560611385124988,26328.55,-0.08255866730222505,24324.095,24123.159
2026-08-19,24152.05,24172.85,24025.65,24078.3,238718813,19084.84,-0.0031711992183781623,0.09344261019134323,0.003419284263166178,26328.55,-0.08546805653938405,24328.197500000002,24139.882999999998
2026-08-20,24225.45,24265.15,24184.55,24231.85,253928495,18777.61,0.006377111340916786,0.09356027146060432,0.01517620739350467,26328.55,-0.07963598451111065,24346.31,24160.221
2026-08-21,24284.05,24284.05,24206.8,24252.0,259287088,18607.89,0.0008315502118081408,0.09164114865781955,0.020387126090514407,26328.55,-0.07887065561909024,24370.5375,24182.029000000002
2026-08-24,24285.05,24313.0,24144.3,24219.05,236285363,17854.63,-0.0013586508329209712,0.08611206250032229,0.009297402269966337,26328.55,-0.08012214877006141,24381.692499999997,24193.951999999997
2026-08-25,24175.75,24334.55,24115.45,24334.55,239453630,18743.01,0.004768973184332115,0.0873524178339376,0.014558886987265263,26328.55,-0.07573527596468477,24399.152500000004,24203.565
2026-08-26,24341.95,24378.6,24207.75,24207.75,244793446,17446.06,-0.00521069836919108,0.08072217885712828,-0.0017505010267956367,26328.55,-0.08055134065491643,24397.030000000002,24207.936999999998
2026-08-27,24277.6,24297.45,24090.85,24090.85,323419647,24757.82,-0.004829032024868174,0.08167552460910923,-0.009306189253263764,26328.55,-0.08499138767611591,24385.715,24208.04
2026-08-28,24122.6,24188.3,24076.85,24175.65,296127942,20865.45,0.0035200086339834957,0.08212963558703296,-0.008528273101592765,26328.55,-0.0817705494605665,24375.3175,24208.193
2026-08-31,24117.55,24128.7,23993.6,24080.4,710870778,49193.19,-0.003939914748931295,0.05533251201199477,-0.028008864024412272,26328.55,-0.08538829521564983,24340.6225,24209.539000000004
2026-09-01,24077.55,24143.15,23952.55,24055.8,334207690,27996.18,-0.0010215777146559413,0.05205769251213291,-0.022713884679604668,26328.55,-0.08632264215082108,24312.6675,24208.596999999998
2026-09-02,23858.0,23914.45,23786.8,23914.45,318881826,25868.81,-0.005875921815113094,0.05431017836088419,-0.02884101906016945,26328.55,-0.09169133886978198,24277.157499999998,24210.404000000002
2026-09-03,23997.95,24025.4,23873.45,23873.45,239174046,19968.37,-0.0017144446140304748,0.05383837332579323,-0.03095267088813114,26328.55,-0.09324858376173384,24239.03,24207.44
2026-09-04,23910.9,24005.75,23895.85,23897.7,231396362,18379.67,0.0010157727517388082,0.05442731979813872,-0.027388367829096927,26328.55,-0.09232753038051844,24205.3825,24204.273999999998
2026-09-07,23883.15,23890.0,23737.9,23779.15,205864370,17371.86,-0.0049607284383015315,0.055348178591163026,-0.032730904091312074,26328.55,-0.09683024701322318,24165.15,24200.931999999997
2026-09-08,23743.1,23758.95,23623.1,23635.1,230133309,18718.76,-0.0060578279711429595,0.05663078678777674,-0.03418642758778512,26328.55,-0.10230149400555677,24123.32,24196.319
2026-09-09,23522.05,23571.55,23431.5,23431.5,352925400,27788.38,-0.008614306687934392,0.06164757970281169,-0.04110542049725918,26328.55,-0.11003454424949344,24073.0975,24184.832000000002
2026-09-10,23446.6,23494.95,23380.1,23477.8,253250004,19852.15,0.0019759725156305308,0.06331097407304047,-0.037631400422612815,26328.55,-0.10827599696906975,24027.195,24170.874
2026-09-11,23270.3,23448.1,23231.4,23398.1,293025966,20905.97,-0.0033946962662601,0.06346831764442076,-0.039723385044734494,26328.55,-0.11130312911269324,23978.8,24153.418999999998
2026-09-15,23576.15,23592.85,23118.6,23118.6,338835704,26523.17,-0.011945414371252405,0.07256734337188786,-0.048133516416779876,26328.55,-0.12191898148587754,23920.3475,24127.183999999997
2026-09-16,23201.6,23284.75,23116.1,23217.6,261617344,20182.08,0.004282266227193743,0.07539513077360879,-0.038803720984148304,26328.55,-0.11815880479555463,23873.4825,24103.562
2026-09-17,23195.25,23363.55,23193.65,23270.6,259700999,18775.3,0.0022827510164702414,0.07671297076183083,-0.03354472699484601,26328.55,-0.11614578091083638,23833.0975,24091.333
2026-09-18,23334.7,23389.15,23286.6,23346.4,375346024,31510.28,0.0032573289902282365,0.07307275110083006,-0.036540751118878556,26328.55,-0.11326677693986176,23788.825,24079.005
2026-09-21,23330.2,23466.8,23314.8,23414.3,213639227,17770.46,0.0029083713120652277,0.07444238963293581,-0.03454148111495958,26328.55,-0.11068782747245864,23746.94,24063.153
2026-09-22,23454.05,23489.0,23285.75,23329.0,244146220,19610.73,-0.003643072823018345,0.0747260072217985,-0.03674999638714149,26328.55,-0.11392765647937309,23702.4375,24045.513
2026-09-23,23352.15,23466.9,23349.55,23446.8,237608688,17215.76,0.005049509194564594,0.07506195070194188,-0.03648105265969581,26328.55,-0.10945342603371622,23658.05,24033.408
2026-09-24,23221.8,23281.95,23046.15,23063.1,271675340,22894.82,-0.016364706484466973,0.09053993528885446,-0.04728444403135368,26328.55,-0.12402695932742214,23600.817499999997,24013.1
2026-09-25,23035.0,23162.7,23020.95,23140.5,242720711,18949.25,0.0033560102501399847,0.09227666582083341,-0.03944858732672363,26328.55,-0.12108718482407876,23553.3,23994.455
2026-09-28,23064.9,23080.25,22762.2,22780.25,261457054,20620.36,-0.015567943648581495,0.10155663581312269,-0.057719234022663324,26328.55,-0.13477005000275366,23483.53,23963.374
2026-09-29,22732.45,22753.25,22569.65,22716.2,603190549,39264.31,-0.0028116460530502874,0.10148951640588312,-0.05665188285908873,26328.55,-0.1372027703766443,23415.32,23932.928
2026-09-30,22665.0,22809.35,22595.2,22620.45,369406892,32476.02,-0.004215053574101346,0.10134178070416532,-0.05966752300900402,26328.55,-0.140839506923093,23343.552499999998,23901.583
2026-10-01,22543.7,22610.6,22217.3,22421.95,451303049,36534.26,-0.008775245408468857,0.10292358747191166,-0.06240996552293698,26328.55,-0.14837885109510396,23268.927499999998,23870.096999999998
